-- phpMyAdmin SQL Dump
-- version 5.0.2
-- https://www.phpmyadmin.net/
--
-- Hôte : 127.0.0.1:3306
-- Généré le : sam. 16 oct. 2021 à 08:42
-- Version du serveur :  5.7.31
-- Version de PHP : 8.0.10

SET SQL_MODE = "NO_AUTO_VALUE_ON_ZERO";
START TRANSACTION;
SET time_zone = "+00:00";


/*!40101 SET @OLD_CHARACTER_SET_CLIENT=@@CHARACTER_SET_CLIENT */;
/*!40101 SET @OLD_CHARACTER_SET_RESULTS=@@CHARACTER_SET_RESULTS */;
/*!40101 SET @OLD_COLLATION_CONNECTION=@@COLLATION_CONNECTION */;
/*!40101 SET NAMES utf8mb4 */;

--
-- Base de données : `gallery`
--

-- --------------------------------------------------------

--
-- Structure de la table `category`
--

DROP TABLE IF EXISTS `category`;
CREATE TABLE IF NOT EXISTS `category` (
  `id` int(11) NOT NULL AUTO_INCREMENT,
  `name` varchar(255) COLLATE utf8mb4_unicode_ci NOT NULL,
  PRIMARY KEY (`id`)
) ENGINE=InnoDB AUTO_INCREMENT=115 DEFAULT CHARSET=utf8mb4 COLLATE=utf8mb4_unicode_ci;

--
-- Déchargement des données de la table `category`
--

INSERT INTO `category` (`id`, `name`) VALUES
(109, 'Street Art'),
(110, 'Abstract'),
(111, 'Modern Art'),
(112, 'Renaissance'),
(113, 'Futurism'),
(114, 'Surrealism');

-- --------------------------------------------------------

--
-- Structure de la table `comment`
--

DROP TABLE IF EXISTS `comment`;
CREATE TABLE IF NOT EXISTS `comment` (
  `id` int(11) NOT NULL AUTO_INCREMENT,
  `painting_id` int(11) NOT NULL,
  `author` varchar(255) COLLATE utf8mb4_unicode_ci NOT NULL,
  `content` longtext COLLATE utf8mb4_unicode_ci NOT NULL,
  `created_at` datetime NOT NULL,
  PRIMARY KEY (`id`),
  KEY `IDX_9474526CB00EB939` (`painting_id`)
) ENGINE=InnoDB AUTO_INCREMENT=28 DEFAULT CHARSET=utf8mb4 COLLATE=utf8mb4_unicode_ci;

--
-- Déchargement des données de la table `comment`
--

INSERT INTO `comment` (`id`, `painting_id`, `author`, `content`, `created_at`) VALUES
(16, 252, 'aa', 'aa', '2021-10-07 11:38:14'),
(17, 242, 'tr', 'hbf', '2021-10-07 11:52:30'),
(18, 241, 'Adrien', 'Très beau', '2021-10-07 11:57:51'),
(19, 241, 'Jean', 'Pas très beau', '2021-10-07 12:02:21'),
(20, 246, 'test commentaire', 'rien', '2021-10-07 12:43:52'),
(21, 242, 'jean', 'beau', '2021-10-07 16:16:50'),
(22, 242, 'beau', 'jean', '2021-10-07 16:16:57'),
(23, 242, 'test', 'dzae', '2021-10-07 16:17:02'),
(24, 247, 'Adrien', 'Good painting !', '2021-10-07 17:49:38'),
(25, 247, 'Benoit', 'Nice one', '2021-10-07 17:50:29'),
(26, 246, 'Adrien', 'joli', '2021-10-09 08:03:42'),
(27, 274, 'test', 'Moderne', '2021-10-10 11:54:21');

-- --------------------------------------------------------

--
-- Structure de la table `doctrine_migration_versions`
--

DROP TABLE IF EXISTS `doctrine_migration_versions`;
CREATE TABLE IF NOT EXISTS `doctrine_migration_versions` (
  `version` varchar(191) COLLATE utf8_unicode_ci NOT NULL,
  `executed_at` datetime DEFAULT NULL,
  `execution_time` int(11) DEFAULT NULL,
  PRIMARY KEY (`version`)
) ENGINE=InnoDB DEFAULT CHARSET=utf8 COLLATE=utf8_unicode_ci;

--
-- Déchargement des données de la table `doctrine_migration_versions`
--

INSERT INTO `doctrine_migration_versions` (`version`, `executed_at`, `execution_time`) VALUES
('DoctrineMigrations\\Version20211003155834', '2021-10-03 15:58:45', 249),
('DoctrineMigrations\\Version20211007073241', '2021-10-07 07:33:01', 158),
('DoctrineMigrations\\Version20211007074947', '2021-10-07 07:49:59', 263),
('DoctrineMigrations\\Version20211007075746', '2021-10-07 07:57:52', 171),
('DoctrineMigrations\\Version20211007094735', '2021-10-07 09:47:45', 139);

-- --------------------------------------------------------

--
-- Structure de la table `painting`
--

DROP TABLE IF EXISTS `painting`;
CREATE TABLE IF NOT EXISTS `painting` (
  `id` int(11) NOT NULL AUTO_INCREMENT,
  `category_id` int(11) NOT NULL,
  `title` varchar(255) COLLATE utf8mb4_unicode_ci NOT NULL,
  `description` longtext COLLATE utf8mb4_unicode_ci NOT NULL,
  `created_at` datetime NOT NULL,
  `height` double NOT NULL,
  `width` double NOT NULL,
  `image` varchar(255) COLLATE utf8mb4_unicode_ci NOT NULL,
  PRIMARY KEY (`id`),
  KEY `IDX_66B9EBA012469DE2` (`category_id`)
) ENGINE=InnoDB AUTO_INCREMENT=282 DEFAULT CHARSET=utf8mb4 COLLATE=utf8mb4_unicode_ci;

--
-- Déchargement des données de la table `painting`
--

INSERT INTO `painting` (`id`, `category_id`, `title`, `description`, `created_at`, `height`, `width`, `image`) VALUES
(241, 114, 'aliquam', 'Culpa eos harum quae perspiciatis unde Autem voluptatum voluptas qui expedita Quo provident autem porro similique\n\nLibero non voluptatem dolores optio Praesentium nobis consequatur velit ad sit ut Minus molestias repellendus eius amet Voluptas non dolorem numquam cum repellat nobis\n\nEt laboriosam nihil illum Magnam ut velit vel sint cupiditate illum ut Minus possimus aut beatae non', '2021-09-27 08:56:33', 65.14, 61.33, '1.jpg'),
(242, 114, 'harum et', 'Aut voluptatum rem maiores nisi laboriosam reiciendis natus Voluptas est sed exercitationem quidem sed autem assumenda Omnis nostrum autem nisi voluptate Impedit molestias sit ab adipisci architecto voluptas Quo id dolores vitae non officiis repellat vitae repellat\n\nCumque blanditiis ut deserunt et ut dolor ab Optio dolorem velit fugit est atque Voluptas exercitationem nesciunt dolore et quia Dicta quod qui non adipisci dolorum impedit sit Dolor incidunt aperiam est ad sapiente\n\nItaque ipsa voluptatum facere officiis nobis autem architecto Vero magnam sed enim officiis consectetur necessitatibus dolorum sint Eum laborum odio dolore et quo Aperiam tenetur et distinctio', '2021-09-18 06:05:56', 91.52, 108.75, '2.jpg'),
(243, 109, 'eveniet', 'Autem et voluptatum sit neque dolor officia aperiam Voluptas perferendis in officiis doloremque voluptatibus modi excepturi Quas quibusdam dolorum odit sit iste Recusandae qui sed recusandae facere amet qui laborum impedit\n\nConsequatur aspernatur dicta sequi dolorum minus distinctio esse A quidem enim similique Quasi repellendus aut perspiciatis et ipsum quibusdam rem qui Adipisci et libero numquam sit pariatur sapiente doloremque\n\nMolestiae est nisi rerum cum commodi esse Dolores repellendus quasi tempora veritatis vel praesentium Officia est harum laboriosam sapiente accusamus Dolor aspernatur dignissimos et voluptatibus esse dolorem accusamus', '2021-09-14 13:41:07', 99.35, 118.53, '3.jpg'),
(244, 114, 'animi beatae', 'Ea consectetur consequatur perferendis possimus est consequatur Asperiores nisi quam et qui doloribus Ratione dolorem saepe totam non id omnis dolores\n\nEt placeat magni culpa rerum aut ea et Et aperiam et laboriosam Vel ab unde molestiae est eveniet Aut alias quas maiores quidem laborum neque vel\n\nDolorem autem qui unde ad dolores voluptatibus consequatur Et quo sit error blanditiis quia', '2021-10-01 18:41:06', 57.72, 113.19, '4.jpg'),
(245, 114, 'maiores itaque', 'Nihil ex id perspiciatis eaque velit consectetur dolores Id natus consequatur et quae doloribus facere sunt Accusamus doloremque fugit optio et quia in\n\nEt dicta vel velit dolor doloribus sint eum Consectetur consequatur eaque dolorem qui Consectetur sint reiciendis vel autem dolore officiis\n\nEt earum laudantium qui ipsam occaecati odio qui Et deleniti voluptatem et numquam illo rerum Officia quia harum officiis mollitia quaerat Voluptates ducimus natus fugiat ab impedit fugit soluta consequatur', '2021-09-07 12:29:54', 80.98, 97.01, '5.jpg'),
(246, 112, 'autem', 'Assumenda sint commodi ea tenetur dolores Nihil qui minima voluptate ut necessitatibus natus Corrupti et qui qui Occaecati consequatur omnis quidem\n\nExpedita asperiores ea corrupti minus blanditiis voluptates dolore Voluptas non velit totam ut rerum Quam quod in nulla aut et Beatae cupiditate dolore illo quibusdam consequatur\n\nVel repellendus explicabo sequi exercitationem fuga mollitia Illo similique delectus consequuntur corrupti ratione Omnis nihil aut qui quod Eveniet ut molestias quas sequi pariatur', '2021-09-30 16:57:41', 85.32, 81.4, '6.jpg'),
(247, 109, 'quis', 'Fugit ut animi magni et Magnam sint dolor sunt enim molestiae voluptatum et Nisi commodi cum doloremque autem deserunt unde consequatur Vitae illo facilis commodi\n\nAliquam sapiente ut totam totam blanditiis praesentium Fuga ipsam architecto eius aut molestiae expedita eum Voluptatem dignissimos quod sint nesciunt amet veniam est Nostrum inventore ut quae ut autem molestias culpa\n\nAliquid reiciendis debitis autem recusandae Mollitia id minus sit perspiciatis reprehenderit Fuga non non culpa dolor odit nesciunt cum', '2021-09-23 18:39:15', 58.61, 88.72, '7.jpg'),
(248, 112, 'atque', 'Ex rem aut sapiente doloribus Repudiandae rem ut voluptatem iure similique perferendis Ullam nam nemo quasi voluptatem\n\nEt explicabo delectus magnam Sit natus atque delectus officiis et earum Omnis ullam autem tempore Minus eos qui sit sint et suscipit modi\n\nVoluptatum et omnis eos earum voluptatem Aut quo pariatur qui voluptas Minima et repellat illo impedit temporibus itaque unde Sed ut delectus ut voluptatum reprehenderit excepturi voluptas', '2021-10-01 05:19:06', 98.06, 99.64, '8.jpg'),
(249, 114, 'rerum', 'Rerum omnis consequatur repellat beatae rem alias harum architecto In corporis officiis temporibus vel sunt Dolor tempore officiis sed quisquam aut aspernatur minus accusantium Nam ad porro qui\n\nDeleniti sint aut rerum ullam molestiae Sit consequatur sint pariatur Quo voluptas iure pariatur excepturi molestias accusantium inventore\n\nIllum eius deleniti fuga perspiciatis et quis Cum velit ut sequi Ea accusamus nihil et rerum similique non Magni libero dolore sunt eaque dolorem totam', '2021-09-21 00:13:49', 55.7, 119.95, '9.jpg'),
(250, 109, 'et placeat', 'Rerum aut in earum eveniet Est placeat mollitia velit aperiam ut laudantium Consequatur aut fuga rerum ratione Eaque aperiam consequatur mollitia culpa rerum Reiciendis hic mollitia itaque molestiae\n\nQuae dolores sit voluptatem dolor eveniet Aliquid sed ducimus facilis quas dolorem consequatur Quaerat et sint quo est repudiandae odio sequi quis Quod sequi eligendi praesentium eveniet error\n\nNisi est magnam deleniti atque incidunt cum Est aut eos beatae sapiente doloribus accusantium et Facere nihil aspernatur commodi voluptates ullam cumque vitae', '2021-10-01 04:27:47', 55.74, 88.85, '10.jpg'),
(251, 114, 'architecto suscipit', 'Repudiandae aut deserunt sint Nisi illo consequatur aut in Soluta autem neque voluptatem amet consequuntur eum\n\nExcepturi sed possimus velit ipsa Quae labore sed ad ipsam rerum Pariatur quibusdam ullam aspernatur voluptatem eveniet\n\nQuas quia dolorum doloribus quisquam et corrupti et aliquam Excepturi et aut nam corporis accusantium Quos molestiae quis est sit vero et molestiae Nam hic cumque est ut ducimus sequi enim', '2021-09-16 14:06:40', 82.76, 74.91, '11.jpg'),
(252, 113, 'autem', 'Fugiat et rerum fugit numquam maxime aut Quos qui eius voluptatem est esse dignissimos omnis Et consequatur ea delectus ducimus eveniet Ullam incidunt omnis ea vero molestias quae\n\nIste repudiandae in temporibus perspiciatis nostrum Asperiores aut ea ut quos blanditiis et qui Praesentium sit nobis nulla neque est et qui Eos incidunt nihil ut molestiae et qui non velit\n\nQuia sit itaque sunt ut qui quia modi voluptas Ipsum distinctio accusamus et sed quasi Nisi consequatur deleniti vero assumenda praesentium Aspernatur quae quibusdam ipsa deserunt qui consequuntur odio', '2021-09-27 07:14:06', 110.44, 88.45, '12.jpg'),
(253, 109, 'voluptatibus', 'Qui in rerum accusantium quisquam accusamus ex Ea eaque modi cupiditate rerum Placeat ullam atque doloremque Possimus maxime non totam\n\nQuia sit possimus eum et repudiandae Exercitationem culpa dolor quia in cumque Praesentium incidunt cum saepe quibusdam Harum ex nam minima accusantium voluptatum sed\n\nAutem non rerum facilis debitis unde Et natus quibusdam impedit error ea harum quis Odit consequatur enim qui doloremque Sed expedita aperiam eos dolor odit', '2021-09-30 03:38:48', 97.5, 102.08, '13.jpg'),
(254, 109, 'eum', 'Qui maxime tempora nam vitae magni Unde quas architecto ex eius magnam repellendus Repellendus nam eos neque Officiis ea facere dolorum omnis esse quia eius\n\nDucimus quis non provident rerum Rerum voluptas et ipsam illum facilis in Et iusto ut quaerat illum veritatis magnam Fugit praesentium libero accusamus dolores\n\nHic quia ipsa nihil perferendis Aliquid nostrum alias eum culpa ab eius accusamus Veritatis perspiciatis odio vel ut inventore ea est necessitatibus', '2021-09-15 07:24:14', 77.49, 114.43, '14.jpg'),
(255, 111, 'nam adipisci', 'Optio nostrum optio ut animi laudantium Sint magnam optio voluptas laborum est voluptatibus Optio natus sed architecto eaque ullam quia Tenetur iusto quis sed occaecati recusandae Nulla harum officiis sint recusandae error et sit\n\nNihil ut sequi ut ea maiores sed Minima est tempore velit similique at libero at Sed aliquid et natus itaque ut Asperiores adipisci nihil a esse error veniam temporibus Maxime dolore voluptatem voluptates quod illum et non\n\nArchitecto quis molestias molestiae harum qui nemo quasi Praesentium sed pariatur enim quod impedit praesentium tempora Recusandae qui unde facilis aut reprehenderit Sit veritatis explicabo sit', '2021-09-20 07:37:14', 77.14, 54.34, '15.jpg'),
(256, 111, 'ipsam ut', 'Dolorem architecto molestiae ipsum est repellat Suscipit hic qui ut accusamus fugit voluptas sapiente eos Exercitationem rerum dolore dicta dicta est laboriosam\n\nAdipisci dolor est ex qui enim Quam corporis voluptatem et nesciunt voluptatem nemo Aut debitis adipisci sunt soluta voluptatem Distinctio id ut consectetur odio Culpa quia dolor quos cum temporibus ipsa\n\nAut consectetur et ex ea quas ut Deleniti dolor vero qui Et ex voluptatibus voluptatibus nam quaerat esse reprehenderit', '2021-09-14 23:19:52', 55.9, 101.16, '16.jpg'),
(257, 114, 'quisquam', 'Eius assumenda voluptatem quia soluta Alias quia sint est impedit Aut et repellat non autem tempora sit iure iure\n\nSoluta dolor ullam vitae provident at quisquam Ipsa sit pariatur debitis non eos possimus voluptas Enim sequi omnis voluptatem est repudiandae Praesentium iusto rerum doloremque dolorem\n\nIusto nostrum eos quia doloremque minima quae Vero consectetur facere dolor sint rerum Rerum et odit voluptatum sunt nihil voluptatem quae', '2021-09-07 17:36:36', 58.78, 79.21, '17.jpg'),
(258, 112, 'maxime', 'Fugit praesentium laboriosam vero voluptatem natus omnis omnis Est voluptas dolores maiores occaecati ut praesentium Error ut perspiciatis fugit id qui aut eligendi Numquam inventore id reprehenderit sapiente\n\nReiciendis fugiat et tempore dolor et nihil nulla Officiis odit vel quod qui vel Sunt asperiores incidunt doloremque impedit quidem veniam praesentium Est velit ea omnis voluptatem veniam eum est\n\nVitae eos consectetur consectetur harum occaecati accusamus Tempora aut culpa sit sapiente Itaque qui saepe ratione nihil expedita Dolores saepe illum unde similique in', '2021-10-02 20:22:36', 69.64, 111.35, '18.jpg'),
(259, 114, 'qui aut', 'Maiores et sed consequatur maiores Autem accusamus harum et veritatis doloribus mollitia Nam expedita facilis velit et adipisci Aut illum in inventore repellendus doloremque sunt at\n\nUt assumenda magni dicta quod Eum corrupti voluptatibus repellendus qui\n\nQuisquam deserunt eos illum harum ex quo Blanditiis repellendus dolores reiciendis quas vero non veniam at Ratione aut quis repellendus rerum nostrum nobis Recusandae vel ipsam aut corrupti Et molestiae et ad impedit illo similique', '2021-09-30 13:07:48', 87.84, 93.95, '19.jpg'),
(260, 114, 'quos animi', 'Omnis eum cupiditate accusamus laborum Nesciunt eos et tempora molestiae Est velit aspernatur veniam voluptatem ab\n\nEt ut saepe eaque et reprehenderit a libero eveniet Sed culpa repellat non voluptatem Molestiae molestiae est qui iste Velit quia qui dolorem sint maiores\n\nConsequatur et est quam blanditiis Molestias laboriosam debitis quisquam Ab minima asperiores impedit', '2021-10-07 02:50:56', 76.6, 62.66, '20.jpg'),
(261, 113, 'dolor', 'Placeat reprehenderit deserunt est enim totam explicabo Perspiciatis est consequatur consequuntur illo Corporis eveniet sequi optio Aperiam rerum occaecati molestias laudantium illo voluptas atque\n\nDelectus id aut minima voluptas Quo provident earum architecto qui iusto mollitia delectus earum Libero numquam est ducimus qui sunt id ut Voluptatem itaque consequatur alias perferendis est distinctio\n\nAnimi perspiciatis est quia reiciendis consequatur corrupti Sint iusto nihil quia fugit voluptates Adipisci blanditiis eius maiores debitis quos doloremque molestiae', '2021-09-20 16:41:41', 72.41, 73.07, '21.jpg'),
(262, 113, 'vel non', 'Non odio provident nulla dolore vero impedit quia Officiis illum voluptate amet ratione fugit Soluta facilis accusamus autem\n\nModi sunt omnis nesciunt aut Quis nihil et eos qui et excepturi commodi consectetur\n\nOdit ea sint quos id et et deleniti nemo Sunt aut voluptatem aut aut est eum Animi sit consequatur quo debitis deleniti debitis dolorum', '2021-09-25 12:22:51', 69.05, 72.24, '22.jpg'),
(263, 109, 'consectetur earum', 'Omnis est ut totam aspernatur saepe quia Ut consequatur minus nam similique pariatur esse At sed eos qui modi ipsum reiciendis\n\nNesciunt soluta rem nobis nemo sit est non Dolore hic reiciendis qui Qui quidem voluptate dolores perferendis et et Ut expedita illum voluptatibus natus accusantium optio laudantium\n\nSaepe non officia magnam ratione hic veniam Non quia et modi quam quaerat Dolorem alias qui eaque et Aspernatur assumenda praesentium commodi omnis explicabo autem', '2021-09-23 21:22:37', 118.48, 99.55, '23.jpg'),
(264, 110, 'velit', 'Praesentium sed harum provident commodi corporis sunt Inventore beatae voluptate quis nihil Perferendis consequatur quae libero perferendis ea cupiditate\n\nQui qui modi dignissimos voluptatum aspernatur veniam Et provident ut dolores quibusdam quia Explicabo pariatur officia iste sunt Dolores earum dignissimos qui sunt quia vitae\n\nIpsum asperiores aliquam est dolore Magni perspiciatis est ex nihil aliquam', '2021-09-13 10:10:11', 68.64, 106.54, '24.jpg'),
(265, 112, 'et et', 'Dolorem dicta neque sed id et eius qui Libero enim qui expedita molestiae dolores rerum omnis Eos praesentium reiciendis et quisquam quasi suscipit\n\nVelit aspernatur non quod dolor Architecto vel rerum animi corrupti tempora cumque nisi Est beatae harum consequatur Ipsam cumque quos eveniet atque qui sint\n\nOdio sequi voluptate aliquid doloremque voluptatem consequatur ullam id Dolorum hic dolorum vitae qui Quia eos quia eos eos Est unde at qui dolor consectetur enim', '2021-09-23 14:29:16', 117.26, 114.41, '25.jpg'),
(266, 111, 'doloremque', 'Aperiam quam atque in eveniet Animi similique eveniet iure nobis Maiores ullam consequatur enim voluptas Iure voluptatibus quo excepturi architecto inventore nulla repudiandae\n\nEarum consequatur provident fugit odio molestiae perspiciatis Dolore omnis laboriosam blanditiis unde omnis at nisi vel Aut quis corporis perferendis quod labore Ratione ut eveniet voluptatem\n\nExplicabo dicta omnis reiciendis mollitia nulla hic Deleniti sit voluptatem possimus aut ut et', '2021-09-19 00:01:16', 107.31, 93.48, '26.jpg'),
(267, 111, 'deserunt ut', 'Incidunt laudantium rerum illo eos non eos suscipit Quaerat nemo aliquam neque Est debitis et maxime necessitatibus odio Dolor est voluptas molestias et explicabo\n\nEst voluptates excepturi quia placeat voluptatem Molestiae aut nihil quia magni ut Repellendus dolores deserunt et\n\nEt sint sed error culpa facere Aut voluptates voluptatem ut in voluptatem', '2021-09-16 22:03:34', 65.02, 118.39, '27.jpg'),
(268, 111, 'ut', 'Velit quia rerum eius beatae illum Voluptatem hic sunt veritatis laboriosam explicabo Voluptatem quia rerum adipisci eos reprehenderit Iusto velit reiciendis ullam aut voluptatem saepe\n\nReprehenderit earum maxime minima quidem deserunt quos Id reprehenderit voluptates quos aut ab et nemo Amet eum quia enim dignissimos Nesciunt molestias qui harum facere rerum voluptatem esse\n\nAspernatur doloremque ipsa dolor eius quas non Iure pariatur soluta harum recusandae officiis in nobis Rem et facere dolores voluptatem accusantium ut', '2021-09-22 08:18:27', 73.54, 75.96, '28.jpg'),
(269, 112, 'vel sed', 'Error excepturi maxime eos aliquid mollitia voluptas Et corrupti nam maiores suscipit facilis non Et blanditiis nobis maiores ea quod quia eos et Vero hic nihil excepturi est\n\nNisi in dolorem ex quisquam Est sunt et deleniti quia est eveniet voluptatem Sint itaque amet omnis esse Ex id odit dolorum totam atque fugiat\n\nPlaceat quidem qui aut vitae fugiat tempore quia Asperiores et ipsam perferendis tempora Sint veritatis omnis consequuntur aut non porro est Modi repellendus sunt in temporibus harum', '2021-09-19 16:08:43', 51.35, 57.39, '29.jpg'),
(270, 112, 'aut', 'Sunt earum ipsam voluptates voluptatem Debitis et debitis atque Ad animi eos cupiditate ipsum Autem voluptatem distinctio eum consequuntur atque officia\n\nTempora adipisci numquam dolorum alias voluptatem Quis qui similique nisi et est illum amet Et aliquam praesentium autem officia quisquam\n\nCommodi aut ratione nisi qui in excepturi Laudantium cum fuga inventore Cum voluptates est maiores consequatur ratione quia Temporibus natus nemo assumenda laborum', '2021-09-28 00:46:55', 77.18, 77.71, '30.jpg'),
(271, 113, 'doloribus', 'Iste sed beatae est ut aut veniam magni consequatur Et id harum qui dignissimos suscipit quidem consequatur laboriosam Rerum nulla tenetur eaque autem odit soluta reiciendis tenetur\n\nConsequatur nesciunt voluptatem voluptatibus et sapiente est Corrupti perspiciatis rerum non dolores Itaque minima amet in aliquam maxime fuga et iure\n\nEa consectetur itaque incidunt quidem quibusdam ut hic Vero earum possimus aut perspiciatis ex Assumenda quae eius unde incidunt voluptate tempora dignissimos', '2021-09-25 16:37:11', 106.52, 50.45, '31.jpg'),
(272, 109, 'exercitationem amet', 'Atque excepturi reprehenderit aut aspernatur officia expedita rerum Quibusdam sequi consequatur id Voluptate eos commodi praesentium qui quis aut Sapiente id ut corrupti laudantium voluptatum unde\n\nTenetur error sequi expedita et magnam non fuga Doloremque quia neque voluptas autem sapiente qui veritatis voluptates Et recusandae placeat voluptate ut ipsam Rerum odio omnis dolorum rem et et in\n\nRerum recusandae numquam est eos optio Rerum dolores nobis at veritatis Laboriosam fugit delectus quaerat aut quo dolorum Voluptas molestias officia et autem', '2021-09-17 21:04:03', 54.92, 102.52, '32.jpg'),
(273, 112, 'nostrum', 'Aut nisi cumque rerum quisquam libero Esse et blanditiis nihil cum Id rem dignissimos neque quibusdam id quis reprehenderit Inventore et laborum et Ea consequatur inventore qui fugit nostrum dolorem nam repudiandae\n\nIusto consequatur soluta non possimus Consequatur et eaque est repellat et Impedit dicta et consequuntur neque et esse\n\nAccusantium nostrum inventore repellendus rerum dolorem tempora eaque Explicabo qui sunt error est sit natus Sed magni reiciendis culpa repellat', '2021-09-30 20:04:43', 105.46, 55.02, '33.jpg'),
(274, 111, 'ad quo', 'Iusto dicta dolores quia aspernatur placeat dolores distinctio Esse ratione iusto asperiores a ipsa enim Cum reiciendis est quis cum eligendi enim culpa autem\n\nVero sapiente asperiores perferendis velit Voluptates alias alias dolorum assumenda Quis corporis voluptates ut facere fugit Ut nobis mollitia in\n\nRatione dolores non possimus aperiam ut Sed consectetur mollitia omnis nobis Aliquam praesentium qui ut accusantium voluptatem aut Dolorem mollitia est soluta culpa dolores consequuntur itaque numquam Autem atque ut dolores ratione magnam voluptatem', '2021-09-27 14:30:03', 60.82, 79.77, '34.jpg'),
(275, 109, 'at', 'Nesciunt quod omnis doloribus Voluptatem cumque veniam dignissimos incidunt Error minus quibusdam dolores ea Sunt reiciendis corrupti dolorem vitae Distinctio harum rerum sint autem repudiandae accusantium dolore\n\nQui cumque laboriosam blanditiis Consequatur consequatur ea aut Voluptate ea sint dolor odio asperiores necessitatibus\n\nVoluptas libero animi aliquid consequatur explicabo ut aliquam Quisquam et ratione distinctio aliquid fuga voluptatem Doloremque voluptatem libero quidem quos quia earum aliquam Dolores qui excepturi tenetur dolore necessitatibus aliquid', '2021-09-26 13:28:25', 55.26, 96.14, '35.jpg'),
(276, 113, 'suscipit odio', 'Ex dicta corrupti ut Minus ut voluptas deleniti inventore esse Autem delectus voluptatem sit hic ipsam nihil reprehenderit Et eaque illum sint magnam necessitatibus\n\nAliquam quod quis suscipit recusandae iusto et occaecati Assumenda mollitia nam tempora hic rerum Beatae qui veritatis hic quis aperiam aut\n\nSunt quaerat non ut voluptas perferendis Corrupti inventore dicta odit et Rerum sint molestiae at nesciunt', '2021-09-12 02:00:45', 68.44, 107.53, '36.jpg'),
(277, 111, 'alias', 'Quod illum quo velit reprehenderit illo eos Quia veritatis dolorem et molestiae similique Occaecati veritatis ea rem consectetur est eveniet Facilis cum est ipsum quia\n\nModi accusantium doloremque ipsum explicabo neque Repellendus cupiditate magnam aut dolor Eaque et aut ullam qui error eos repellendus\n\nEst pariatur suscipit sunt aut vel Et quia veritatis in in eos non Eligendi laboriosam quos aut rerum dolore aut quos', '2021-10-01 05:11:45', 103.74, 85.83, '37.jpg'),
(278, 109, 'eius voluptatum', 'Distinctio maiores dolore totam quis et aliquid ut Ut quae rem dolores voluptatem dolorem sed non Quis perspiciatis ex maxime tempora rerum illum officia\n\nQui animi est quia Dolor molestias voluptatem aperiam accusamus fugit et Nihil ut nesciunt commodi eius temporibus sapiente\n\nInventore incidunt autem in qui Delectus sunt porro dicta atque molestiae ea Commodi suscipit perspiciatis omnis quia Libero rerum excepturi et facere voluptate ut', '2021-09-11 21:16:44', 73.08, 83.89, '38.jpg'),
(279, 111, 'corporis animi', 'Qui ea quibusdam eligendi Et dolorem aut facilis similique voluptatem Culpa sit vero assumenda illum officiis nesciunt non\n\nEveniet dolores dolores eum unde Suscipit nihil iusto voluptatem dicta nihil ducimus dolore rem Omnis aliquid id sint rem in recusandae ducimus Vel qui vel eum Molestias unde sed eum earum eum\n\nDeserunt et temporibus similique debitis nisi eveniet Sint ullam provident quis omnis dolor hic quas Rerum eum vel itaque voluptates commodi ut ex consequuntur Sed debitis at totam vitae', '2021-09-16 05:04:49', 52.12, 51.23, '39.jpg'),
(280, 111, 'non', 'Tempore voluptatem neque laudantium eos aliquid Sapiente occaecati est blanditiis possimus Itaque numquam sint consectetur atque Laborum esse ut laudantium voluptatem id qui\n\nAt odit inventore quia unde suscipit aliquid veniam Omnis id maxime optio quia qui Et iusto alias et quia Eius amet excepturi non asperiores tenetur earum ea\n\nNecessitatibus ut ratione aliquid quia Consequatur culpa itaque omnis quasi Assumenda et ut eveniet est', '2021-10-03 17:23:46', 119.81, 67.87, '40.jpg'),
(281, 112, 'edor odiut', 'Lorem ipsum dolor sit amet, consectetur adipiscing elit. Mauris dapibus nulla vitae dui pulvinar fermentum. Praesent ullamcorper nisl ligula, ut elementum mi euismod sed. Aliquam turpis eros, aliquet eu sagittis non, convallis a risus. Praesent ut elit vitae risus egestas malesuada sollicitudin at eros. Integer efficitur ipsum vel consectetur iaculis.', '2021-10-04 18:48:24', 79.65, 50.65, '41.jpg');

--
-- Contraintes pour les tables déchargées
--

--
-- Contraintes pour la table `comment`
--
ALTER TABLE `comment`
  ADD CONSTRAINT `FK_9474526CB00EB939` FOREIGN KEY (`painting_id`) REFERENCES `painting` (`id`);

--
-- Contraintes pour la table `painting`
--
ALTER TABLE `painting`
  ADD CONSTRAINT `FK_66B9EBA012469DE2` FOREIGN KEY (`category_id`) REFERENCES `category` (`id`);
COMMIT;

/*!40101 SET CHARACTER_SET_CLIENT=@OLD_CHARACTER_SET_CLIENT */;
/*!40101 SET CHARACTER_SET_RESULTS=@OLD_CHARACTER_SET_RESULTS */;
/*!40101 SET COLLATION_CONNECTION=@OLD_COLLATION_CONNECTION */;
